{"loss": [8.380210876464844, 4.389393329620361, 3.945765495300293, 3.8586301803588867, 5.606318950653076, 3.2215850353240967, 2.991032838821411, 3.0129940509796143, 2.590580463409424, 2.65574049949646, 2.5702316761016846, 2.757922887802124, 2.4896199703216553, 2.164234161376953, 2.350867748260498, 1.8360154628753662, 1.657149314880371, 1.684096097946167, 1.67946195602417, 1.6749173402786255, 1.5527263879776, 1.2073109149932861, 1.3554528951644897, 1.1959303617477417, 1.344050645828247, 1.2138806581497192, 1.138841152191162, 1.0981125831604004, 1.0778406858444214, 1.0603262186050415], "accuracy": [0.04333868250250816, 0.06003210321068764, 0.08635634183883667, 0.12969502806663513, 0.16629213094711304, 0.2375601977109909, 0.28314605355262756, 0.3322632312774658, 0.371749609708786, 0.42600321769714355, 0.47479936480522156, 0.4953451156616211, 0.5550561547279358, 0.5675762295722961, 0.6048154234886169, 0.6298555135726929, 0.6571428775787354, 0.6670947074890137, 0.6959871649742126, 0.6860353350639343, 0.7181380391120911, 0.7354735136032104, 0.7476725578308105, 0.7614767551422119, 0.7573033571243286, 0.7791332006454468, 0.7804173231124878, 0.804815411567688, 0.8157303333282471, 0.808346688747406], "val_loss": [3.4306130409240723, 3.4139974117279053, 3.237666606903076, 5.70541524887085, 2.652707099914551, 2.422698974609375, 2.1342484951019287, 1.8146533966064453, 1.8559921979904175, 1.949724793434143, 3.1173489093780518, 1.5702422857284546, 1.6681768894195557, 1.5569536685943604, 2.269084930419922, 1.7803468704223633, 1.3354114294052124, 1.3025844097137451, 1.3027890920639038, 1.2057045698165894, 1.2523397207260132, 1.8519119024276733, 0.92451012134552, 1.376473307609558, 1.1176283359527588, 1.1031275987625122, 1.7354069948196411, 1.3778395652770996, 1.528656244277954, 1.5769785642623901], "val_accuracy": [0.06267806142568588, 0.1339031308889389, 0.14814814925193787, 0.13960114121437073, 0.34472933411598206, 0.404558390378952, 0.5356125235557556, 0.561253547668457, 0.6495726704597473, 0.5299145579338074, 0.4900285005569458, 0.6666666865348816, 0.6837607026100159, 0.7492877244949341, 0.6353276371955872, 0.7236467003822327, 0.8062677979469299, 0.7920227646827698, 0.7977207899093628, 0.8034188151359558, 0.8461538553237915, 0.752136766910553, 0.8518518805503845, 0.7663817405700684, 0.8717948794364929, 0.8917378783226013, 0.8461538553237915, 0.9059829115867615, 0.8717948794364929, 0.8233618140220642]}